,CH,ZH,BE,LU,UR,SZ,OW,NW,GL,ZG,FR,SO,BS,BL,SH,AR,AI,SG,GR,AG,TG,TI,VD,VS,NE,GE,JU
Anteil am Gesamtvermögen,29.10,28.74,19.11,28.82,7.76,58.96,41.20,64.40,17.51,49.32,21.14,21.68,51.53,26.61,12.20,29.35,25.47,19.19,17.14,15.87,20.26,21.31,26.17,11.80,15.41,44.86,18.60
Durchschnittsvermögen,36.6252923720764,32.0444873214806,33.544744952862,34.3681201299525,18.2273113461538,51.1589073444245,57.381966,77.3804154008621,25.9576036595745,41.3873104223983,43.4597001397059,31.1469496011905,69.3897001753086,33.9750903855799,28.7592982264151,30.61668959375,22.4677838979592,29.5446833175123,27.0258706353276,30.9672480048553,32.3919794117647,26.6256694372197,36.0449488516598,30.4378452102273,21.9591257107438,36.722267068323,31.013875
